{"params": {}, "trees": {"0": {"clustering_index": 0.8132864875564777, "branching_index": 0.0, "populations": {"0": {"num_ssms": 0, "num_cnvs": 0, "cellular_prevalence": [1.0]}, "1": {"num_ssms": 5182, "num_cnvs": 8, "cellular_prevalence": [0.637632]}, "2": {"num_ssms": 201, "num_cnvs": 0, "cellular_prevalence": [0.361416]}, "3": {"num_ssms": 383, "num_cnvs": 1, "cellular_prevalence": [0.200444]}}, "llh": -23094.70562564901, "linearity_index": 0.1867135124435223, "structure": {"0": [1], "1": [2], "2": [3]}}, "1": {"clustering_index": 0.6592226645475963, "branching_index": 0.018067331929644694, "populations": {"0": {"num_ssms": 0, "num_cnvs": 0, "cellular_prevalence": [1.0]}, "1": {"num_ssms": 4600, "num_cnvs": 8, "cellular_prevalence": [0.64512]}, "2": {"num_ssms": 782, "num_cnvs": 0, "cellular_prevalence": [0.253204]}, "3": {"num_ssms": 384, "num_cnvs": 1, "cellular_prevalence": [0.249395]}}, "llh": -22055.70849973138, "linearity_index": 0.3227100035227591, "structure": {"0": [1], "1": [2, 3]}}}, "dataset_name": "run_name", "tree_densities": {"0": 2548210504.7768598, "1": 2548210504.7768598}}